{
  "cv_best_roc_auc": 0.8480378889234854,
  "valid": {
    "accuracy": 0.7585227272727273,
    "f1": 0.6393210749646393,
    "roc_auc": 0.8427259756995582,
    "pr_auc": 0.6300800430578772
  },
  "test": {
    "accuracy": 0.7653736991485336,
    "f1": 0.6276276276276276,
    "roc_auc": 0.8406693693363173,
    "pr_auc": 0.6646035952272552
  }
}